,name,code,Temp,Mean_deviation
0,Antigua And Barbuda,ATG,,
1,Algeria,DZA,,
2,Azerbaijan,AZE,,
3,Albania,ALB,12.557,-0.06167411804199219
4,Armenia,ARM,,
5,Angola,AGO,,
6,American Samoa,ASM,,
7,Argentina,ARG,,
8,Australia,AUS,,
9,Bahrain,BHR,,
10,Barbados,BRB,,
11,Bermuda,BMU,,
12,Bahamas,BHS,,
13,Bangladesh,BGD,,
14,Belize,BLZ,,
15,Bosnia And Herzegovina,BIH,10.365583,-0.06414413452148438
16,Bolivia,BOL,,
17,Burma,MMR,,
18,Benin,BEN,,
19,Solomon Islands,SLB,,
20,Brazil,BRA,,
21,Bulgaria,BGR,10.3995,-0.0929861068725586
22,Brunei Darussalam,BRN,,
23,Canada,CAN,,
24,Cambodia,KHM,,
25,Sri Lanka,LKA,,
26,Congo,COG,,
27,Congo (Democratic Republic Of The),COD,,
28,Burundi,BDI,,
29,China,CHN,,
30,Afghanistan,AFG,,
31,Bhutan,BTN,,
32,Chile,CHL,,
33,Cayman Islands,CYM,,
34,Cameroon,CMR,,
35,Chad,TCD,,
36,Comoros,COM,,
37,Colombia,COL,,
38,Costa Rica,CRI,,
39,Central African Republic,CAF,,
40,Cuba,CUB,,
41,Cape Verde,CPV,,
42,Cook Islands,COK,,
43,Cyprus,CYP,,
44,Denmark (Europe),DNK,7.568,-0.2714109420776367
45,Djibouti,DJI,,
46,Dominica,DMA,,
47,Dominican Republic,DOM,,
48,Ecuador,ECU,,
49,Egypt,EGY,,
50,Ireland,IRL,9.369083,-0.05407428741455078
51,Equatorial Guinea,GNQ,,
52,Estonia,EST,4.6585,-0.1721482276916504
53,Eritrea,ERI,,
54,El Salvador,SLV,,
55,Ethiopia,ETH,,
56,Austria,AUT,6.1389165,-0.07951593399047852
57,Czech Republic,CZE,7.4949164,-0.13897085189819336
58,French Guiana,GUF,,
59,Finland,FIN,1.1211667,-0.1351398229598999
60,Fiji,FJI,,
61,Falkland Islands (Islas Malvinas),FLK,,
62,Micronesia ,FSM,,
63,French Polynesia,PYF,,
64,France,FRA,12.771833,-0.0050754547119140625
65,Gambia,GMB,,
66,Gabon,GAB,,
67,Georgia,GEO,,
68,Ghana,GHA,,
69,Grenada,GRD,,
70,Greenland,GRL,,
71,Germany,DEU,8.029166,-0.12994766235351562
72,Guam,GUM,,
73,Greece,GRC,14.713166,-0.06781578063964844
74,Guatemala,GTM,,
75,Guinea,GIN,,
76,Guyana,GUY,,
77,Haiti,HTI,,
78,Honduras,HND,,
79,Croatia,HRV,11.2875,-0.06310653686523438
80,Hungary,HUN,9.61875,-0.1128988265991211
81,Iceland,ISL,1.3155,-0.09470367431640625
82,India,IND,,
83,Iran,IRN,,
84,Israel,ISR,,
85,Italy,ITA,12.737416,-0.006198883056640625
86,Côte D'Ivoire,CIV,,
87,Iraq,IRQ,,
88,Japan,JPN,,
89,Jamaica,JAM,,
90,Jordan,JOR,,
91,Kenya,KEN,,
92,Kyrgyzstan,KGZ,,
93,North Korea,PRK,,
94,Kiribati,KIR,,
95,South Korea,KOR,,
96,Kuwait,KWT,,
97,Kazakhstan,KAZ,,
98,Laos,LAO,,
99,Lebanon,LBN,,
100,Latvia,LVA,5.1353335,-0.19546937942504883
101,Belarus,BLR,5.65175,-0.1782822608947754
102,Lithuania,LTU,5.7091665,-0.20873594284057617
103,Liberia,LBR,,
104,Slovakia,SVK,7.3956666,-0.140380859375
105,Liechtenstein,LIE,4.6125,-0.03716564178466797
106,Libya,LBY,,
107,Madagascar,MDG,,
108,Martinique,MTQ,,
109,Mongolia,MNG,,
110,Montserrat,MSR,,
111,Macedonia,MKD,10.31125,-0.07335567474365234
112,Mali,MLI,,
113,Morocco,MAR,,
114,Mauritius,MUS,,
115,Mauritania,MRT,,
116,Malta,MLT,18.474333,-0.021745681762695312
117,Oman,OMN,,
118,Maldives,MDV,,
119,Mexico,MEX,,
120,Malaysia,MYS,,
121,Mozambique,MOZ,,
122,Malawi,MWI,,
123,New Caledonia,NCL,,
124,Niue,NIU,,
125,Niger,NER,,
126,Aruba,ABW,,
127,Anguilla,AIA,,
128,Belgium,BEL,9.457084,-0.03148174285888672
129,Hong Kong,HKG,,
130,Northern Mariana Islands,MNP,,
131,Faroe Islands,FRO,6.4995832,-0.12276411056518555
132,Andorra,AND,11.2345,0.027818679809570312
133,Gibraltar,GIB,,
134,Isle Of Man,IMN,9.30625,-0.06286811828613281
135,Luxembourg,LUX,9.13775,-0.032988548278808594
136,Macau,MAC,,
137,Monaco,MCO,9.065583,0.03478431701660156
138,Palestina,PSE,,
139,Montenegro,MNE,10.1555,-0.06778812408447266
140,Mayotte,MYT,,
141,Åland,ALA,5.1183333,-0.18137359619140625
142,Norfolk Island,NFK,,
143,Cocos (Keeling) Islands,CCK,,
144,Antarctica,ATA,,
145,Bouvet Island,BVT,,
146,French Southern And Antarctic Lands,ATF,,
147,Heard Island And Mcdonald Islands,HMD,,
148,British Indian Ocean Territory,IOT,,
149,Christmas Island,CXR,,
150,United States Minor Outlying Islands,UMI,,
151,Vanuatu,VUT,,
152,Nigeria,NGA,,
153,Netherlands,NLD,9.4400835,-0.06959724426269531
154,Norway,NOR,-0.053833332,-0.15749938413500786
155,Nepal,NPL,,
156,Nauru,NRU,,
157,Suriname,SUR,,
158,Nicaragua,NIC,,
159,New Zealand,NZL,,
160,Paraguay,PRY,,
161,Peru,PER,,
162,Pakistan,PAK,,
163,Poland,POL,7.262833,-0.2063131332397461
164,Panama,PAN,,
165,Portugal,PRT,14.682333,-0.007382392883300781
166,Papua New Guinea,PNG,,
167,Guinea Bissau,GNB,,
168,Qatar,QAT,,
169,Reunion,REU,,
170,Romania,ROU,8.6553335,-0.11552047729492188
171,Moldova,MDA,8.812834,-0.12963199615478516
172,Philippines,PHL,,
173,Puerto Rico,PRI,,
174,Russia,RUS,,
175,Rwanda,RWA,,
176,Saudi Arabia,SAU,,
177,Saint Kitts And Nevis,KNA,,
178,Seychelles,SYC,,
179,South Africa,ZAF,,
180,Lesotho,LSO,,
181,Botswana,BWA,,
182,Senegal,SEN,,
183,Slovenia,SVN,9.611167,-0.05645561218261719
184,Sierra Leone,SLE,,
185,Singapore,SGP,,
186,Somalia,SOM,,
187,Spain,ESP,13.628083,0.010021209716796875
188,Saint Lucia,LCA,,
189,Sudan,SDN,,
190,Sweden,SWE,2.1949167,-0.20053458213806152
191,Syria,SYR,,
192,Switzerland,CHE,6.995,-0.003283977508544922
193,Trinidad And Tobago,TTO,,
194,Thailand,THA,,
195,Tajikistan,TJK,,
196,Tokelau,TKL,,
197,Tonga,TON,,
198,Togo,TGO,,
199,Sao Tome And Principe,STP,,
200,Tunisia,TUN,19.96125,-0.01178741455078125
201,Turkey,TUR,,
202,Tuvalu,TUV,,
203,Turkmenistan,TKM,,
204,Tanzania,TZA,,
205,Uganda,UGA,,
206,United Kingdom,GBR,8.426084,-0.06707954406738281
207,Ukraine,UKR,7.5250835,-0.13981199264526367
208,United States,USA,,
209,Burkina Faso,BFA,,
210,Uruguay,URY,,
211,Uzbekistan,UZB,,
212,Saint Vincent And The Grenadines,VCT,,
213,Venezuela,VEN,,
214,British Virgin Islands,VGB,,
215,Vietnam,VNM,,
216,Virgin Islands,VIR,,
217,Namibia,NAM,,
218,French Polynesia,WLF,,
219,Samoa,WSM,,
220,Swaziland,SWZ,,
221,Yemen,YEM,,
222,Zambia,ZMB,,
223,Zimbabwe,ZWE,,
224,Indonesia,IDN,,
225,Guadeloupe,GLP,,
226,Sint Maarten,ANT,,
227,United Arab Emirates,ARE,,
228,Timor Leste,TLS,,
229,Pitcairn Islands,PCN,,
230,Palau,PLW,,
231,Marshall Islands,MHL,,
232,Saint Pierre and Miquelon,SPM,,
233,Saint Helena,SHN,,
234,San Marino,SMR,13.816167,-0.021917343139648438
235,Turks And Caicas Islands,TCA,,
236,Western Sahara,ESH,,
237,Serbia,SRB,9.910167,-0.08569049835205078
238,Holy See (Vatican City),VAT,,
239,Svalbard And Jan Mayen,SJM,,
240,Saint Martin,MAF,,
241,Saint Barthélemy,BLM,,
242,Guernsey,GGY,10.926,-0.005722999572753906
243,Jersey,JEY,10.926,-0.005722999572753906
244,South Georgia And The South Sandwich Isla,SGS,,
245,Taiwan,TWN,,
